{
  "train_loss": [
    0.0941502269278393,
    0.09402188670838982,
    0.09226801684544629,
    0.09313554841298803
  ],
  "val_loss": [
    0.08814722182894416,
    0.0876606992840538,
    0.08948613755570173,
    0.09024888714171776
  ],
  "learning_rate": [
    0.0001,
    0.0001,
    0.0001,
    0.0001
  ],
  "best_epoch": 2,
  "best_val_loss": 0.0876606992840538,
  "epoch_times": [
    29934.28794360161,
    14177.906933546066,
    18154.26720547676,
    13589.032283782959
  ]
}