{
  "train_loss": [
    0.40580309741199017,
    0.22172443784074858
  ],
  "val_loss": [
    0.19501809775829315,
    0.2796522080898285
  ],
  "learning_rate": [
    0.0001,
    0.0001
  ],
  "best_epoch": 1,
  "best_val_loss": 0.19501809775829315,
  "epoch_times": [
    20.156697511672974,
    3.999070167541504
  ]
}